datetime_raw,datetime_est,temp_c,spcond_us_cm,sal_psu,odo_mg_l,plot,type,flood,tod
2024-06-13T06:26:39Z,2024-06-13T10:26:39Z,17.463,137.6,0.06,9.58,FW,0_source,flood3,05:26:39
2024-06-13T06:41:39Z,2024-06-13T10:41:39Z,21.421,139.2,0.07,9.36,FW,0_source,flood3,05:41:39
2024-06-13T06:56:39Z,2024-06-13T10:56:39Z,21.541,139.2,0.07,9.29,FW,0_source,flood3,05:56:39
2024-06-13T07:11:39Z,2024-06-13T11:11:39Z,21.682,139.2,0.07,9.24,FW,0_source,flood3,06:11:39
2024-06-13T07:26:39Z,2024-06-13T11:26:39Z,21.722,139.2,0.07,9.23,FW,0_source,flood3,06:26:39
2024-06-13T07:41:39Z,2024-06-13T11:41:39Z,21.881,139.3,0.07,9.21,FW,0_source,flood3,06:41:39
2024-06-13T07:56:38Z,2024-06-13T11:56:38Z,21.925,139.2,0.07,9.19,FW,0_source,flood3,06:56:38
2024-06-13T08:11:38Z,2024-06-13T12:11:38Z,21.726,139.2,0.06,9.1,FW,0_source,flood3,07:11:38
2024-06-13T08:26:38Z,2024-06-13T12:26:38Z,22.014,139.2,0.06,9.2,FW,0_source,flood3,07:26:38
2024-06-13T08:41:38Z,2024-06-13T12:41:38Z,22.147,139.2,0.06,9.18,FW,0_source,flood3,07:41:38
2024-06-13T08:56:38Z,2024-06-13T12:56:38Z,22.236,139.2,0.06,9.15,FW,0_source,flood3,07:56:38
2024-06-13T09:11:38Z,2024-06-13T13:11:38Z,22.409,139.2,0.06,9.13,FW,0_source,flood3,08:11:38
2024-06-13T09:26:38Z,2024-06-13T13:26:38Z,22.161,126.4,0.06,9.29,FW,0_source,flood3,08:26:38
2024-06-13T09:41:38Z,2024-06-13T13:41:38Z,22.033,125.1,0.06,9.26,FW,0_source,flood3,08:41:38
2024-06-13T09:56:38Z,2024-06-13T13:56:38Z,22.636,138.2,0.06,9.15,FW,0_source,flood3,08:56:38
2024-06-13T10:11:38Z,2024-06-13T14:11:38Z,22.795,138.3,0.06,9.09,FW,0_source,flood3,09:11:38
2024-06-13T10:26:38Z,2024-06-13T14:26:38Z,22.374,122.9,0.06,9.21,FW,0_source,flood3,09:26:38
2024-06-13T10:41:38Z,2024-06-13T14:41:38Z,22.883,138.7,0.06,9.12,FW,0_source,flood3,09:41:38
2024-06-13T10:56:38Z,2024-06-13T14:56:38Z,22.994,138.9,0.06,9.11,FW,0_source,flood3,09:56:38
2024-06-13T11:11:38Z,2024-06-13T15:11:38Z,22.591,121.4,0.06,9.43,FW,0_source,flood3,10:11:38
2024-06-13T11:26:38Z,2024-06-13T15:26:38Z,23.078,137.6,0.06,9.48,FW,0_source,flood3,10:26:38
2024-06-13T11:41:38Z,2024-06-13T15:41:38Z,23.289,137.9,0.06,9.16,FW,0_source,flood3,10:41:38
2024-06-13T11:56:38Z,2024-06-13T15:56:38Z,23.412,138.3,0.06,9.13,FW,0_source,flood3,10:56:38
2024-06-13T12:11:38Z,2024-06-13T16:11:38Z,23.456,137.4,0.06,9.16,FW,0_source,flood3,11:11:38
2024-06-13T12:26:38Z,2024-06-13T16:26:38Z,23.359,135.8,0.06,9.52,FW,0_source,flood3,11:26:38
2024-06-13T12:41:38Z,2024-06-13T16:41:38Z,23.565,137.8,0.06,9.15,FW,0_source,flood3,11:41:38
2024-06-13T12:56:37Z,2024-06-13T16:56:37Z,23.7,137.9,0.06,9.03,FW,0_source,flood3,11:56:37
2024-06-13T13:11:37Z,2024-06-13T17:11:37Z,23.171,120.1,0.06,9.3,FW,0_source,flood3,12:11:37
2024-06-13T13:26:37Z,2024-06-13T17:26:37Z,23.527,135.4,0.06,9.43,FW,0_source,flood3,12:26:37
2024-06-13T13:41:37Z,2024-06-13T17:41:37Z,23.772,136.3,0.06,9.06,FW,0_source,flood3,12:41:37
2024-06-13T13:56:37Z,2024-06-13T17:56:37Z,23.877,136.7,0.06,9.02,FW,0_source,flood3,12:56:37
2024-06-13T14:11:37Z,2024-06-13T18:11:37Z,23.529,121.5,0.06,9.37,FW,0_source,flood3,13:11:37
2024-06-13T14:26:37Z,2024-06-13T18:26:37Z,23.929,136.6,0.06,9.32,FW,0_source,flood3,13:26:37
2024-06-13T14:41:37Z,2024-06-13T18:41:37Z,23.893,136.8,0.06,9.14,FW,0_source,flood3,13:41:37
2024-06-13T14:56:37Z,2024-06-13T18:56:37Z,23.158,123.5,0.06,9.32,FW,0_source,flood3,13:56:37
2024-06-13T15:11:37Z,2024-06-13T19:11:37Z,23.875,135.7,0.06,9.26,FW,0_source,flood3,14:11:37
2024-06-13T15:26:37Z,2024-06-13T19:26:37Z,23.896,136.2,0.06,9.1,FW,0_source,flood3,14:26:37
2024-06-13T15:41:37Z,2024-06-13T19:41:37Z,24.009,136.8,0.06,9.09,FW,0_source,flood3,14:41:37
2024-06-13T15:56:37Z,2024-06-13T19:56:37Z,23.987,137.2,0.06,9.08,FW,0_source,flood3,14:56:37
2024-06-13T16:11:37Z,2024-06-13T20:11:37Z,24.095,137.6,0.06,9.07,FW,0_source,flood3,15:11:37
2024-06-13T16:26:37Z,2024-06-13T20:26:37Z,24.166,138,0.06,9.05,FW,0_source,flood3,15:26:37
2024-06-13T16:41:37Z,2024-06-13T20:41:37Z,24.67,138.1,0.06,8.98,FW,0_source,flood3,15:41:37
2024-06-13T16:56:37Z,2024-06-13T20:56:37Z,25.192,1.4,0,8.39,FW,0_source,flood3,15:56:37
2024-06-12T06:16:54Z,2024-06-12T10:16:54Z,15.882,138.8,0.07,10.29,FW,0_source,flood2,05:16:54
2024-06-12T06:31:54Z,2024-06-12T10:31:54Z,20.414,140.2,0.07,9.72,FW,0_source,flood2,05:31:54
2024-06-12T06:46:54Z,2024-06-12T10:46:54Z,20.68,140.2,0.07,9.58,FW,0_source,flood2,05:46:54
2024-06-12T07:01:54Z,2024-06-12T11:01:54Z,20.839,140.3,0.07,9.47,FW,0_source,flood2,06:01:54
2024-06-12T07:16:53Z,2024-06-12T11:16:53Z,20.964,140.4,0.07,9.39,FW,0_source,flood2,06:16:53
2024-06-12T07:31:53Z,2024-06-12T11:31:53Z,21.058,140.4,0.07,9.34,FW,0_source,flood2,06:31:53
2024-06-12T07:46:53Z,2024-06-12T11:46:53Z,21.152,140.4,0.07,9.29,FW,0_source,flood2,06:46:53
2024-06-12T08:01:53Z,2024-06-12T12:01:53Z,20.924,140.4,0.07,9.25,FW,0_source,flood2,07:01:53
2024-06-12T08:16:53Z,2024-06-12T12:16:53Z,21.197,140.4,0.07,9.25,FW,0_source,flood2,07:16:53
2024-06-12T08:31:53Z,2024-06-12T12:31:53Z,21.432,140.5,0.07,9.21,FW,0_source,flood2,07:31:53
2024-06-12T08:46:53Z,2024-06-12T12:46:53Z,21.579,140.5,0.07,9.18,FW,0_source,flood2,07:46:53
2024-06-12T09:01:53Z,2024-06-12T13:01:53Z,21.648,140.5,0.07,9.18,FW,0_source,flood2,08:01:53
2024-06-12T09:16:53Z,2024-06-12T13:16:53Z,20.174,136.7,0.06,9.42,FW,0_source,flood2,08:16:53
2024-06-12T09:31:53Z,2024-06-12T13:31:53Z,21.463,138.2,0.06,9.56,FW,0_source,flood2,08:31:53
2024-06-12T09:46:53Z,2024-06-12T13:46:53Z,21.428,138.5,0.06,9.4,FW,0_source,flood2,08:46:53
2024-06-12T10:01:53Z,2024-06-12T14:01:53Z,21.929,140.1,0.07,9.13,FW,0_source,flood2,09:01:53
2024-06-12T10:16:53Z,2024-06-12T14:16:53Z,22.012,140.1,0.07,9.08,FW,0_source,flood2,09:16:53
2024-06-12T10:31:53Z,2024-06-12T14:31:53Z,21.825,138.5,0.06,9.12,FW,0_source,flood2,09:31:53
2024-06-12T10:46:53Z,2024-06-12T14:46:53Z,21.715,147.5,0.07,9.68,FW,0_source,flood2,09:46:53
2024-06-12T11:01:53Z,2024-06-12T15:01:53Z,22.144,140.6,0.07,9.2,FW,0_source,flood2,10:01:53
2024-06-12T11:16:53Z,2024-06-12T15:16:53Z,21.757,138.4,0.06,9.44,FW,0_source,flood2,10:16:53
2024-06-12T11:31:53Z,2024-06-12T15:31:53Z,22.304,140.5,0.07,9.06,FW,0_source,flood2,10:31:53
2024-06-12T11:46:53Z,2024-06-12T15:46:53Z,22.068,138.9,0.06,9.12,FW,0_source,flood2,10:46:53
2024-06-12T12:01:53Z,2024-06-12T16:01:53Z,21.741,148.1,0.07,9.28,FW,0_source,flood2,11:01:53
2024-06-12T12:16:52Z,2024-06-12T16:16:52Z,21.779,132.6,0.06,9.46,FW,0_source,flood2,11:16:52
2024-06-12T12:31:52Z,2024-06-12T16:31:52Z,22.45,140.1,0.07,8.99,FW,0_source,flood2,11:31:52
2024-06-12T12:46:52Z,2024-06-12T16:46:52Z,22.198,134.5,0.06,9.09,FW,0_source,flood2,11:46:52
2024-06-12T13:01:52Z,2024-06-12T17:01:52Z,22.335,133.4,0.06,9.19,FW,0_source,flood2,12:01:52
2024-06-12T13:16:52Z,2024-06-12T17:16:52Z,22.283,139,0.06,9.12,FW,0_source,flood2,12:16:52
2024-06-12T13:31:52Z,2024-06-12T17:31:52Z,22.304,133.9,0.06,9.29,FW,0_source,flood2,12:31:52
2024-06-12T13:46:52Z,2024-06-12T17:46:52Z,22.544,139.6,0.07,9.06,FW,0_source,flood2,12:46:52
2024-06-12T14:01:52Z,2024-06-12T18:01:52Z,22.565,139.4,0.07,9.4,FW,0_source,flood2,13:01:52
2024-06-12T14:16:52Z,2024-06-12T18:16:52Z,22.331,137.7,0.06,9.49,FW,0_source,flood2,13:16:52
2024-06-12T14:31:52Z,2024-06-12T18:31:52Z,22.62,137.1,0.06,9.16,FW,0_source,flood2,13:31:52
2024-06-12T14:46:52Z,2024-06-12T18:46:52Z,22.841,139.7,0.07,9.56,FW,0_source,flood2,13:46:52
2024-06-12T15:01:52Z,2024-06-12T19:01:52Z,22.861,139.9,0.07,9.07,FW,0_source,flood2,14:01:52
2024-06-12T15:16:52Z,2024-06-12T19:16:52Z,22.511,140.7,0.07,9.61,FW,0_source,flood2,14:16:52
2024-06-12T15:31:52Z,2024-06-12T19:31:52Z,22.298,135.1,0.06,9.77,FW,0_source,flood2,14:31:52
2024-06-12T15:46:52Z,2024-06-12T19:46:52Z,23.053,139.8,0.07,9.12,FW,0_source,flood2,14:46:52
2024-06-12T16:01:52Z,2024-06-12T20:01:52Z,22.43,136.9,0.06,9.5,FW,0_source,flood2,15:01:52
2024-06-12T16:16:52Z,2024-06-12T20:16:52Z,22.684,140.8,0.07,10.07,FW,0_source,flood2,15:16:52
2024-06-12T16:31:52Z,2024-06-12T20:31:52Z,22.579,139.1,0.06,9.04,FW,0_source,flood2,15:31:52
2024-06-12T16:46:52Z,2024-06-12T20:46:52Z,22.897,139.1,0.06,9.02,FW,0_source,flood2,15:46:52
2024-06-12T17:01:52Z,2024-06-12T21:01:52Z,23.024,139.1,0.06,9.04,FW,0_source,flood2,16:01:52
2024-06-11T06:20:05Z,2024-06-11T10:20:05Z,16.572,82.4,0.04,7.96,FW,0_source,flood1,05:20:05
2024-06-11T06:35:05Z,2024-06-11T10:35:05Z,16.585,82.7,0.04,7.94,FW,0_source,flood1,05:35:05
2024-06-11T06:50:05Z,2024-06-11T10:50:05Z,22.006,139.4,0.07,9.48,FW,0_source,flood1,05:50:05
2024-06-11T07:05:05Z,2024-06-11T11:05:05Z,22.104,139.8,0.07,9.18,FW,0_source,flood1,06:05:05
2024-06-11T07:20:05Z,2024-06-11T11:20:05Z,22.219,140,0.07,9.09,FW,0_source,flood1,06:20:05
2024-06-11T07:35:05Z,2024-06-11T11:35:05Z,22.317,140,0.07,9.05,FW,0_source,flood1,06:35:05
2024-06-11T07:50:05Z,2024-06-11T11:50:05Z,22.35,140.2,0.07,9.01,FW,0_source,flood1,06:50:05
2024-06-11T08:05:05Z,2024-06-11T12:05:05Z,22.483,140.2,0.07,8.99,FW,0_source,flood1,07:05:05
2024-06-11T08:20:05Z,2024-06-11T12:20:05Z,22.24,140.1,0.07,9.04,FW,0_source,flood1,07:20:05
2024-06-11T08:35:05Z,2024-06-11T12:35:05Z,22.552,140.3,0.07,9.01,FW,0_source,flood1,07:35:05
2024-06-11T08:50:05Z,2024-06-11T12:50:05Z,22.678,140.3,0.07,9.01,FW,0_source,flood1,07:50:05
2024-06-11T09:05:05Z,2024-06-11T13:05:05Z,22.687,140.2,0.07,8.99,FW,0_source,flood1,08:05:05
2024-06-11T09:20:04Z,2024-06-11T13:20:04Z,21.602,139,0.06,9.15,FW,0_source,flood1,08:20:04
2024-06-11T09:35:04Z,2024-06-11T13:35:04Z,22.769,139.9,0.07,9.61,FW,0_source,flood1,08:35:04
2024-06-11T09:50:04Z,2024-06-11T13:50:04Z,22.994,139.6,0.07,9.11,FW,0_source,flood1,08:50:04
2024-06-11T10:05:04Z,2024-06-11T14:05:04Z,23.043,140.2,0.07,9.08,FW,0_source,flood1,09:05:04
2024-06-11T10:20:04Z,2024-06-11T14:20:04Z,22.547,140,0.07,8.85,FW,0_source,flood1,09:20:04
2024-06-11T10:35:04Z,2024-06-11T14:35:04Z,22.16,139.7,0.07,8.9,FW,0_source,flood1,09:35:04
2024-06-11T10:50:04Z,2024-06-11T14:50:04Z,23.101,140,0.07,9.04,FW,0_source,flood1,09:50:04
2024-06-11T11:05:04Z,2024-06-11T15:05:04Z,23.131,140.3,0.07,9.04,FW,0_source,flood1,10:05:04
2024-06-11T11:20:04Z,2024-06-11T15:20:04Z,22.05,141.9,0.07,9.79,FW,0_source,flood1,10:20:04
2024-06-11T11:35:04Z,2024-06-11T15:35:04Z,22.113,139.2,0.06,11,FW,0_source,flood1,10:35:04
2024-06-11T11:50:04Z,2024-06-11T15:50:04Z,23.427,140.1,0.07,8.8,FW,0_source,flood1,10:50:04
2024-06-11T12:05:04Z,2024-06-11T16:05:04Z,23,140.3,0.07,8.81,FW,0_source,flood1,11:05:04
2024-06-11T12:20:04Z,2024-06-11T16:20:04Z,22.184,139.3,0.06,8.98,FW,0_source,flood1,11:20:04
2024-06-11T12:35:04Z,2024-06-11T16:35:04Z,21.81,139.3,0.07,9.05,FW,0_source,flood1,11:35:04
2024-06-11T12:50:04Z,2024-06-11T16:50:04Z,23.232,140.4,0.07,8.92,FW,0_source,flood1,11:50:04
2024-06-11T13:05:04Z,2024-06-11T17:05:04Z,23.048,146.4,0.07,9.03,FW,0_source,flood1,12:05:04
2024-06-11T13:20:04Z,2024-06-11T17:20:04Z,22.64,143.9,0.07,9.41,FW,0_source,flood1,12:20:04
2024-06-11T13:35:04Z,2024-06-11T17:35:04Z,21.788,139.3,0.07,9.15,FW,0_source,flood1,12:35:04
2024-06-11T13:50:04Z,2024-06-11T17:50:04Z,23.087,147.6,0.07,9.37,FW,0_source,flood1,12:50:04
2024-06-11T14:05:04Z,2024-06-11T18:05:04Z,21.933,148.3,0.07,9.09,FW,0_source,flood1,13:05:04
2024-06-11T14:20:03Z,2024-06-11T18:20:03Z,23.222,141.2,0.07,8.88,FW,0_source,flood1,13:20:03
2024-06-11T14:35:03Z,2024-06-11T18:35:03Z,22.004,140.3,0.07,9.05,FW,0_source,flood1,13:35:03
2024-06-11T14:50:03Z,2024-06-11T18:50:03Z,21.868,138.7,0.06,9.53,FW,0_source,flood1,13:50:03
2024-06-11T15:05:03Z,2024-06-11T19:05:03Z,23.298,140.6,0.07,9.04,FW,0_source,flood1,14:05:03
2024-06-11T15:20:03Z,2024-06-11T19:20:03Z,23.255,140.9,0.07,9.01,FW,0_source,flood1,14:20:03
2024-06-11T15:35:03Z,2024-06-11T19:35:03Z,21.994,140.6,0.07,9.58,FW,0_source,flood1,14:35:03
2024-06-11T15:50:03Z,2024-06-11T19:50:03Z,22.099,140.7,0.07,9.22,FW,0_source,flood1,14:50:03
2024-06-11T16:05:03Z,2024-06-11T20:05:03Z,23.277,141,0.07,9.49,FW,0_source,flood1,15:05:03
2024-06-11T16:20:03Z,2024-06-11T20:20:03Z,23.329,141,0.07,9.02,FW,0_source,flood1,15:20:03
2024-06-11T16:35:03Z,2024-06-11T20:35:03Z,22.204,140.9,0.07,9.49,FW,0_source,flood1,15:35:03
2024-06-11T16:50:03Z,2024-06-11T20:50:03Z,22.036,140.5,0.07,9.3,FW,0_source,flood1,15:50:03
2024-06-11T17:05:03Z,2024-06-11T21:05:03Z,22.019,140.5,0.07,9.37,FW,0_source,flood1,16:05:03
2024-06-13T06:24:09Z,2024-06-13T10:24:09Z,17.655,9658.1,5.45,7.08,SW,0_source,flood3,05:24:09
2024-06-13T06:39:09Z,2024-06-13T10:39:09Z,24.2,9818.9,5.52,5.15,SW,0_source,flood3,05:39:09
2024-06-13T06:54:09Z,2024-06-13T10:54:09Z,24.387,9822.6,5.52,5.41,SW,0_source,flood3,05:54:09
2024-06-13T07:09:09Z,2024-06-13T11:09:09Z,24.523,9823.8,5.52,5.66,SW,0_source,flood3,06:09:09
2024-06-13T07:24:09Z,2024-06-13T11:24:09Z,23.3,9859.3,5.55,6.33,SW,0_source,flood3,06:24:09
2024-06-13T07:39:09Z,2024-06-13T11:39:09Z,23.406,10276.9,5.81,5.18,SW,0_source,flood3,06:39:09
2024-06-13T07:54:09Z,2024-06-13T11:54:09Z,23.751,10289.6,5.81,5.28,SW,0_source,flood3,06:54:09
2024-06-13T08:09:09Z,2024-06-13T12:09:09Z,22.701,74.2,0.03,8.51,SW,0_source,flood3,07:09:09
2024-06-13T08:24:09Z,2024-06-13T12:24:09Z,23.745,10220.8,5.77,5.33,SW,0_source,flood3,07:24:09
2024-06-13T08:39:09Z,2024-06-13T12:39:09Z,23.94,10239,5.78,5.32,SW,0_source,flood3,07:39:09
2024-06-13T08:54:09Z,2024-06-13T12:54:09Z,24.059,10241.9,5.78,5.32,SW,0_source,flood3,07:54:09
2024-06-13T09:09:09Z,2024-06-13T13:09:09Z,24.614,10045.2,5.66,5.38,SW,0_source,flood3,08:09:09
2024-06-13T09:24:09Z,2024-06-13T13:24:09Z,24.689,10039.2,5.65,5.35,SW,0_source,flood3,08:24:09
2024-06-13T09:39:09Z,2024-06-13T13:39:09Z,24.754,10035.2,5.65,5.33,SW,0_source,flood3,08:39:09
2024-06-13T09:54:09Z,2024-06-13T13:54:09Z,24.8,10030.7,5.65,5.3,SW,0_source,flood3,08:54:09
2024-06-13T10:09:09Z,2024-06-13T14:09:09Z,24.591,10020,5.64,5.84,SW,0_source,flood3,09:09:09
2024-06-13T10:24:09Z,2024-06-13T14:24:09Z,24.899,10016.3,5.64,5.29,SW,0_source,flood3,09:24:09
2024-06-13T10:39:09Z,2024-06-13T14:39:09Z,25.025,9997.9,5.63,5.28,SW,0_source,flood3,09:39:09
2024-06-13T10:54:09Z,2024-06-13T14:54:09Z,25.057,10237.1,5.77,6.16,SW,0_source,flood3,09:54:09
2024-06-13T11:09:08Z,2024-06-13T15:09:08Z,25.427,10256.2,5.78,6.55,SW,0_source,flood3,10:09:08
2024-06-13T11:24:08Z,2024-06-13T15:24:08Z,25.607,10274.7,5.79,6.81,SW,0_source,flood3,10:24:08
2024-06-13T11:39:08Z,2024-06-13T15:39:08Z,25.826,10283.6,5.79,7.01,SW,0_source,flood3,10:39:08
2024-06-13T11:54:08Z,2024-06-13T15:54:08Z,25.889,10277.2,5.79,7.16,SW,0_source,flood3,10:54:08
2024-06-13T12:09:08Z,2024-06-13T16:09:08Z,26.136,10278.5,5.79,7.17,SW,0_source,flood3,11:09:08
2024-06-13T12:24:08Z,2024-06-13T16:24:08Z,26.486,10329.2,5.82,7.61,SW,0_source,flood3,11:24:08
2024-06-13T12:39:08Z,2024-06-13T16:39:08Z,25.833,10150.3,5.71,6.08,SW,0_source,flood3,11:39:08
2024-06-13T12:54:08Z,2024-06-13T16:54:08Z,25.749,10147.6,5.71,6.01,SW,0_source,flood3,11:54:08
2024-06-13T13:09:08Z,2024-06-13T17:09:08Z,25.804,10148.5,5.71,5.98,SW,0_source,flood3,12:09:08
2024-06-13T13:24:08Z,2024-06-13T17:24:08Z,25.874,10150.3,5.71,5.94,SW,0_source,flood3,12:24:08
2024-06-13T13:39:08Z,2024-06-13T17:39:08Z,25.852,10149.4,5.71,5.91,SW,0_source,flood3,12:39:08
2024-06-13T13:54:08Z,2024-06-13T17:54:08Z,27.654,10301.9,5.79,8.57,SW,0_source,flood3,12:54:08
2024-06-13T14:09:08Z,2024-06-13T18:09:08Z,27.684,10319.8,5.8,8.94,SW,0_source,flood3,13:09:08
2024-06-13T14:24:08Z,2024-06-13T18:24:08Z,27.748,10319.4,5.8,9.02,SW,0_source,flood3,13:24:08
2024-06-13T14:39:08Z,2024-06-13T18:39:08Z,27.68,10274.6,5.77,8.49,SW,0_source,flood3,13:39:08
2024-06-13T14:54:08Z,2024-06-13T18:54:08Z,28.175,10257.9,5.76,9.07,SW,0_source,flood3,13:54:08
2024-06-13T15:09:08Z,2024-06-13T19:09:08Z,28.371,10243.6,5.75,9.28,SW,0_source,flood3,14:09:08
2024-06-13T15:24:08Z,2024-06-13T19:24:08Z,28.425,10208.2,5.73,9.4,SW,0_source,flood3,14:24:08
2024-06-13T15:39:08Z,2024-06-13T19:39:08Z,27.026,10219.1,5.75,7.3,SW,0_source,flood3,14:39:08
2024-06-13T15:54:08Z,2024-06-13T19:54:08Z,27.046,10217.8,5.74,7.25,SW,0_source,flood3,14:54:08
2024-06-13T16:09:08Z,2024-06-13T20:09:08Z,27.003,10216.3,5.74,7.2,SW,0_source,flood3,15:09:08
2024-06-13T16:24:07Z,2024-06-13T20:24:07Z,26.965,10216.1,5.74,7.16,SW,0_source,flood3,15:24:07
2024-06-13T16:39:07Z,2024-06-13T20:39:07Z,27.223,163.1,0.08,7.9,SW,0_source,flood3,15:39:07
2024-06-12T06:13:38Z,2024-06-12T10:13:38Z,14.307,9109.2,5.13,7.74,SW,0_source,flood2,05:13:38
2024-06-12T06:28:38Z,2024-06-12T10:28:38Z,23.669,9423,5.29,5.23,SW,0_source,flood2,05:28:38
2024-06-12T06:43:38Z,2024-06-12T10:43:38Z,23.937,9426.9,5.29,5.35,SW,0_source,flood2,05:43:38
2024-06-12T06:58:38Z,2024-06-12T10:58:38Z,24.13,9428.9,5.29,5.46,SW,0_source,flood2,05:58:38
2024-06-12T07:13:38Z,2024-06-12T11:13:38Z,24.209,9427.3,5.29,5.52,SW,0_source,flood2,06:13:38
2024-06-12T07:28:38Z,2024-06-12T11:28:38Z,24.263,9429.1,5.29,5.56,SW,0_source,flood2,06:28:38
2024-06-12T07:43:38Z,2024-06-12T11:43:38Z,24.39,9420.7,5.28,5.54,SW,0_source,flood2,06:43:38
2024-06-12T07:58:38Z,2024-06-12T11:58:38Z,21.549,9583.8,5.4,5.26,SW,0_source,flood2,06:58:38
2024-06-12T08:13:38Z,2024-06-12T12:13:38Z,21.481,9592.7,5.4,5.39,SW,0_source,flood2,07:13:38
2024-06-12T08:28:37Z,2024-06-12T12:28:37Z,22.046,9843.5,5.55,5.67,SW,0_source,flood2,07:28:37
2024-06-12T08:43:37Z,2024-06-12T12:43:37Z,22.185,9761.3,5.5,5.7,SW,0_source,flood2,07:43:37
2024-06-12T08:58:37Z,2024-06-12T12:58:37Z,22.378,9784.9,5.51,5.89,SW,0_source,flood2,07:58:37
2024-06-12T09:13:37Z,2024-06-12T13:13:37Z,22.871,9866.1,5.56,6.09,SW,0_source,flood2,08:13:37
2024-06-12T09:28:37Z,2024-06-12T13:28:37Z,22.891,9871.9,5.56,6.19,SW,0_source,flood2,08:28:37
2024-06-12T09:43:37Z,2024-06-12T13:43:37Z,23.391,9670.6,5.44,5.55,SW,0_source,flood2,08:43:37
2024-06-12T09:58:37Z,2024-06-12T13:58:37Z,23.413,9970.6,5.62,6.52,SW,0_source,flood2,08:58:37
2024-06-12T10:13:37Z,2024-06-12T14:13:37Z,23.351,9983.6,5.63,6.76,SW,0_source,flood2,09:13:37
2024-06-12T10:28:37Z,2024-06-12T14:28:37Z,23.74,9983.6,5.63,7.1,SW,0_source,flood2,09:28:37
2024-06-12T10:43:37Z,2024-06-12T14:43:37Z,23.747,9732.5,5.47,5.88,SW,0_source,flood2,09:43:37
2024-06-12T10:58:37Z,2024-06-12T14:58:37Z,23.8,9715.5,5.46,5.72,SW,0_source,flood2,09:58:37
2024-06-12T11:13:37Z,2024-06-12T15:13:37Z,23.796,9713.1,5.46,5.68,SW,0_source,flood2,10:13:37
2024-06-12T11:28:37Z,2024-06-12T15:28:37Z,23.844,9713.1,5.46,5.65,SW,0_source,flood2,10:28:37
2024-06-12T11:43:37Z,2024-06-12T15:43:37Z,23.91,9711.8,5.46,5.61,SW,0_source,flood2,10:43:37
2024-06-12T11:58:37Z,2024-06-12T15:58:37Z,23.876,9710.6,5.46,5.58,SW,0_source,flood2,10:58:37
2024-06-12T12:13:37Z,2024-06-12T16:13:37Z,23.861,9898.6,5.57,6.34,SW,0_source,flood2,11:13:37
2024-06-12T12:28:37Z,2024-06-12T16:28:37Z,24.885,9882.9,5.56,6.54,SW,0_source,flood2,11:28:37
2024-06-12T12:43:37Z,2024-06-12T16:43:37Z,25.147,9937,5.59,6.52,SW,0_source,flood2,11:43:37
2024-06-12T12:58:37Z,2024-06-12T16:58:37Z,25.417,9927.9,5.58,6.88,SW,0_source,flood2,11:58:37
2024-06-12T13:13:37Z,2024-06-12T17:13:37Z,25.533,9973.4,5.61,7.37,SW,0_source,flood2,12:13:37
2024-06-12T13:28:37Z,2024-06-12T17:28:37Z,26.027,9984.9,5.61,7.57,SW,0_source,flood2,12:28:37
2024-06-12T13:43:36Z,2024-06-12T17:43:36Z,25.624,9891.5,5.56,6.83,SW,0_source,flood2,12:43:36
2024-06-12T13:58:36Z,2024-06-12T17:58:36Z,25.794,9969.5,5.6,7.52,SW,0_source,flood2,12:58:36
2024-06-12T14:13:36Z,2024-06-12T18:13:36Z,26.466,10007.3,5.62,8.48,SW,0_source,flood2,13:13:36
2024-06-12T14:28:36Z,2024-06-12T18:28:36Z,26.963,9976.7,5.6,8.54,SW,0_source,flood2,13:28:36
2024-06-12T14:43:36Z,2024-06-12T18:43:36Z,25.983,9891.4,5.56,7.02,SW,0_source,flood2,13:43:36
2024-06-12T14:58:36Z,2024-06-12T18:58:36Z,25.257,9850.6,5.54,6.43,SW,0_source,flood2,13:58:36
2024-06-12T15:13:36Z,2024-06-12T19:13:36Z,25.1,9848.9,5.54,6.39,SW,0_source,flood2,14:13:36
2024-06-12T15:28:36Z,2024-06-12T19:28:36Z,25.164,9850.5,5.54,6.37,SW,0_source,flood2,14:28:36
2024-06-12T15:43:36Z,2024-06-12T19:43:36Z,25.182,9850.9,5.54,6.35,SW,0_source,flood2,14:43:36
2024-06-12T15:58:36Z,2024-06-12T19:58:36Z,27.4,9818,5.5,8.85,SW,0_source,flood2,14:58:36
2024-06-12T16:13:36Z,2024-06-12T20:13:36Z,27.631,9821,5.5,9.2,SW,0_source,flood2,15:13:36
2024-06-12T16:28:36Z,2024-06-12T20:28:36Z,26.15,68.9,0.03,8.08,SW,0_source,flood2,15:28:36
2024-06-12T16:43:36Z,2024-06-12T20:43:36Z,25.011,67,0.03,8.24,SW,0_source,flood2,15:43:36
2024-06-12T16:58:36Z,2024-06-12T20:58:36Z,24.529,61.9,0.03,8.31,SW,0_source,flood2,15:58:36
2024-06-11T06:11:02Z,2024-06-11T10:11:02Z,16.4,84.1,0.04,8.29,SW,0_source,flood1,05:11:02
2024-06-11T06:26:02Z,2024-06-11T10:26:02Z,17.212,25.1,0.01,9.51,SW,0_source,flood1,05:26:02
2024-06-11T06:41:02Z,2024-06-11T10:41:02Z,22.693,8442.1,4.7,3.12,SW,0_source,flood1,05:41:02
2024-06-11T06:56:02Z,2024-06-11T10:56:02Z,23.025,8449.7,4.71,3.2,SW,0_source,flood1,05:56:02
2024-06-11T07:11:02Z,2024-06-11T11:11:02Z,23.325,8452.6,4.71,3.28,SW,0_source,flood1,06:11:02
2024-06-11T07:26:02Z,2024-06-11T11:26:02Z,23.463,8454.3,4.71,3.33,SW,0_source,flood1,06:26:02
2024-06-11T07:41:02Z,2024-06-11T11:41:02Z,23.522,8454.1,4.71,3.36,SW,0_source,flood1,06:41:02
2024-06-11T07:56:02Z,2024-06-11T11:56:02Z,23.524,8454.7,4.71,3.37,SW,0_source,flood1,06:56:02
2024-06-11T08:11:02Z,2024-06-11T12:11:02Z,19.353,66.8,0.03,8.82,SW,0_source,flood1,07:11:02
2024-06-11T08:26:02Z,2024-06-11T12:26:02Z,23.334,10126,5.71,5.62,SW,0_source,flood1,07:26:02
2024-06-11T08:41:02Z,2024-06-11T12:41:02Z,23.444,10135,5.72,5.62,SW,0_source,flood1,07:41:02
2024-06-11T08:56:02Z,2024-06-11T12:56:02Z,23.519,10138.2,5.72,5.65,SW,0_source,flood1,07:56:02
2024-06-11T09:11:02Z,2024-06-11T13:11:02Z,23.331,10134.5,5.72,5.11,SW,0_source,flood1,08:11:02
2024-06-11T09:26:01Z,2024-06-11T13:26:01Z,23.435,10083.7,5.69,5.18,SW,0_source,flood1,08:26:01
2024-06-11T09:41:01Z,2024-06-11T13:41:01Z,23.534,9535.5,5.36,4.62,SW,0_source,flood1,08:41:01
2024-06-11T09:56:01Z,2024-06-11T13:56:01Z,23.587,10131.9,5.72,5.58,SW,0_source,flood1,08:56:01
2024-06-11T10:11:01Z,2024-06-11T14:11:01Z,23.374,73.1,0.03,8.39,SW,0_source,flood1,09:11:01
2024-06-11T10:26:01Z,2024-06-11T14:26:01Z,23.823,10058.7,5.67,5.77,SW,0_source,flood1,09:26:01
2024-06-11T10:41:01Z,2024-06-11T14:41:01Z,24.054,10034.6,5.65,5.82,SW,0_source,flood1,09:41:01
2024-06-11T10:56:01Z,2024-06-11T14:56:01Z,23.793,9651.9,5.42,4.88,SW,0_source,flood1,09:56:01
2024-06-11T11:11:01Z,2024-06-11T15:11:01Z,23.753,9636.6,5.42,4.79,SW,0_source,flood1,10:11:01
2024-06-11T11:26:01Z,2024-06-11T15:26:01Z,23.818,9636.6,5.41,4.76,SW,0_source,flood1,10:26:01
2024-06-11T11:41:01Z,2024-06-11T15:41:01Z,23.767,9636.8,5.42,4.73,SW,0_source,flood1,10:41:01
2024-06-11T11:56:01Z,2024-06-11T15:56:01Z,23.567,9635.2,5.42,4.74,SW,0_source,flood1,10:56:01
2024-06-11T12:11:01Z,2024-06-11T16:11:01Z,23.01,9622.9,5.41,4.95,SW,0_source,flood1,11:11:01
2024-06-11T12:26:01Z,2024-06-11T16:26:01Z,23.601,9630.9,5.41,4.72,SW,0_source,flood1,11:26:01
2024-06-11T12:41:01Z,2024-06-11T16:41:01Z,23.688,9837,5.54,4.59,SW,0_source,flood1,11:41:01
2024-06-11T12:56:01Z,2024-06-11T16:56:01Z,25.392,9928.3,5.58,6.04,SW,0_source,flood1,11:56:01
2024-06-11T13:11:01Z,2024-06-11T17:11:01Z,25.708,9889.5,5.56,6.2,SW,0_source,flood1,12:11:01
2024-06-11T13:26:01Z,2024-06-11T17:26:01Z,26.077,9852.5,5.53,6.1,SW,0_source,flood1,12:26:01
2024-06-11T13:41:01Z,2024-06-11T17:41:01Z,26.044,9814.8,5.51,6.5,SW,0_source,flood1,12:41:01
2024-06-11T13:56:01Z,2024-06-11T17:56:01Z,26.3,9754.1,5.47,6.83,SW,0_source,flood1,12:56:01
2024-06-11T14:11:01Z,2024-06-11T18:11:01Z,25.392,9744.8,5.47,6.23,SW,0_source,flood1,13:11:01
2024-06-11T14:26:01Z,2024-06-11T18:26:01Z,26.277,9630.4,5.4,6.97,SW,0_source,flood1,13:26:01
2024-06-11T14:41:00Z,2024-06-11T18:41:00Z,26.537,9457.9,5.29,6.95,SW,0_source,flood1,13:41:00
2024-06-11T14:56:00Z,2024-06-11T18:56:00Z,26.661,9308.8,5.2,7.02,SW,0_source,flood1,13:56:00
2024-06-11T15:11:00Z,2024-06-11T19:11:00Z,26.623,9224.8,5.15,6.95,SW,0_source,flood1,14:11:00
2024-06-11T15:26:00Z,2024-06-11T19:26:00Z,27.011,9028.8,5.03,7.76,SW,0_source,flood1,14:26:00
2024-06-11T15:41:00Z,2024-06-11T19:41:00Z,27.014,9072.3,5.06,7.89,SW,0_source,flood1,14:41:00
2024-06-11T15:56:00Z,2024-06-11T19:56:00Z,25.508,9612.8,5.39,5.87,SW,0_source,flood1,14:56:00
2024-06-11T16:11:00Z,2024-06-11T20:11:00Z,25.479,9599.6,5.38,5.86,SW,0_source,flood1,15:11:00
2024-06-11T16:26:00Z,2024-06-11T20:26:00Z,25.507,9592.2,5.38,5.86,SW,0_source,flood1,15:26:00
2024-06-11T16:41:00Z,2024-06-11T20:41:00Z,25.229,111.3,0.05,8.13,SW,0_source,flood1,15:41:00
2024-06-11T16:56:00Z,2024-06-11T20:56:00Z,23.71,97.4,0.04,8.4,SW,0_source,flood1,15:56:00
2024-06-11T12:20:00Z,2024-06-11T16:20:00Z,20.4,-99999,NA,10.22,SW,1_runoff,flood1,11:20:00
2024-06-11T12:35:00Z,2024-06-11T16:35:00Z,20.9,8341,4.65,5.11,SW,1_runoff,flood1,11:35:00
2024-06-11T12:50:00Z,2024-06-11T16:50:00Z,21.2,8418,4.69,5.65,SW,1_runoff,flood1,11:50:00
2024-06-11T13:05:00Z,2024-06-11T17:05:00Z,21.5,8507,4.75,5.56,SW,1_runoff,flood1,12:05:00
2024-06-11T13:20:00Z,2024-06-11T17:20:00Z,21.7,8601,4.8,5.74,SW,1_runoff,flood1,12:20:00
2024-06-11T13:35:00Z,2024-06-11T17:35:00Z,21.9,8688,4.85,5.31,SW,1_runoff,flood1,12:35:00
2024-06-11T13:50:00Z,2024-06-11T17:50:00Z,22.1,8770,4.9,5.48,SW,1_runoff,flood1,12:50:00
2024-06-11T14:05:00Z,2024-06-11T18:05:00Z,22,8748,4.89,4.91,SW,1_runoff,flood1,13:05:00
2024-06-11T14:20:00Z,2024-06-11T18:20:00Z,22.1,8808,4.92,5.16,SW,1_runoff,flood1,13:20:00
2024-06-11T14:35:00Z,2024-06-11T18:35:00Z,22.3,8830,4.94,4.99,SW,1_runoff,flood1,13:35:00
2024-06-11T14:50:00Z,2024-06-11T18:50:00Z,22.4,8840,4.94,5.11,SW,1_runoff,flood1,13:50:00
2024-06-11T15:05:00Z,2024-06-11T19:05:00Z,22.5,8826,4.93,5.07,SW,1_runoff,flood1,14:05:00
2024-06-11T15:20:00Z,2024-06-11T19:20:00Z,22.6,8795,4.91,5.19,SW,1_runoff,flood1,14:20:00
2024-06-11T15:35:00Z,2024-06-11T19:35:00Z,22.8,8722,4.87,5.13,SW,1_runoff,flood1,14:35:00
2024-06-11T15:50:00Z,2024-06-11T19:50:00Z,22.8,8766,4.9,5.1,SW,1_runoff,flood1,14:50:00
2024-06-11T16:05:00Z,2024-06-11T20:05:00Z,22.7,8806,4.92,5.09,SW,1_runoff,flood1,15:05:00
2024-06-11T16:20:00Z,2024-06-11T20:20:00Z,22.7,8856,4.95,5.04,SW,1_runoff,flood1,15:20:00
2024-06-11T16:35:00Z,2024-06-11T20:35:00Z,22.7,8900,4.98,5.17,SW,1_runoff,flood1,15:35:00
2024-06-11T16:50:00Z,2024-06-11T20:50:00Z,22.4,8848,4.95,4.7,SW,1_runoff,flood1,15:50:00
2024-06-11T17:05:00Z,2024-06-11T21:05:00Z,22.1,8790,4.91,4.72,SW,1_runoff,flood1,16:05:00
2024-06-11T17:20:00Z,2024-06-11T21:20:00Z,21.8,8738,4.88,4.43,SW,1_runoff,flood1,16:20:00
2024-06-11T17:35:00Z,2024-06-11T21:35:00Z,21.7,8729,4.88,4.09,SW,1_runoff,flood1,16:35:00
2024-06-11T17:50:00Z,2024-06-11T21:50:00Z,21.6,8726,4.88,4.03,SW,1_runoff,flood1,16:50:00
2024-06-12T06:29:00Z,2024-06-12T10:29:00Z,14.7,24.4,0.01,10.27,SW,1_runoff,flood2,05:29:00
2024-06-12T06:44:00Z,2024-06-12T10:44:00Z,14.7,24.1,0.01,10.14,SW,1_runoff,flood2,05:44:00
2024-06-12T06:59:00Z,2024-06-12T10:59:00Z,14.7,24.1,0.01,10.14,SW,1_runoff,flood2,05:59:00
2024-06-12T07:14:00Z,2024-06-12T11:14:00Z,14.9,24.1,0.01,10.06,SW,1_runoff,flood2,06:14:00
2024-06-12T07:29:00Z,2024-06-12T11:29:00Z,15,24.2,0.01,10.05,SW,1_runoff,flood2,06:29:00
2024-06-12T07:44:00Z,2024-06-12T11:44:00Z,19.9,9049,5.08,7,SW,1_runoff,flood2,06:44:00
2024-06-12T07:59:00Z,2024-06-12T11:59:00Z,20,9101,5.11,6.83,SW,1_runoff,flood2,06:59:00
2024-06-12T08:14:00Z,2024-06-12T12:14:00Z,20,9118,5.12,6.61,SW,1_runoff,flood2,07:14:00
2024-06-12T08:29:00Z,2024-06-12T12:29:00Z,20.1,9187,5.16,6.56,SW,1_runoff,flood2,07:29:00
2024-06-12T08:44:00Z,2024-06-12T12:44:00Z,20.2,9251,5.2,6.46,SW,1_runoff,flood2,07:44:00
2024-06-12T08:59:00Z,2024-06-12T12:59:00Z,20.3,9308,5.23,6.55,SW,1_runoff,flood2,07:59:00
2024-06-12T09:14:00Z,2024-06-12T13:14:00Z,20.4,9366,5.27,6.34,SW,1_runoff,flood2,08:14:00
2024-06-12T09:29:00Z,2024-06-12T13:29:00Z,20.6,9421,5.3,6.3,SW,1_runoff,flood2,08:29:00
2024-06-12T09:44:00Z,2024-06-12T13:44:00Z,20.7,9444,5.31,6.13,SW,1_runoff,flood2,08:44:00
2024-06-12T09:59:00Z,2024-06-12T13:59:00Z,20.8,9488,5.34,6.03,SW,1_runoff,flood2,08:59:00
2024-06-12T10:14:00Z,2024-06-12T14:14:00Z,20.9,9506,5.35,6.04,SW,1_runoff,flood2,09:14:00
2024-06-12T10:29:00Z,2024-06-12T14:29:00Z,21,9545,5.37,5.97,SW,1_runoff,flood2,09:29:00
2024-06-12T10:44:00Z,2024-06-12T14:44:00Z,21.1,9562,5.38,5.9,SW,1_runoff,flood2,09:44:00
2024-06-12T10:59:00Z,2024-06-12T14:59:00Z,21.3,9567,5.39,5.8,SW,1_runoff,flood2,09:59:00
2024-06-12T11:14:00Z,2024-06-12T15:14:00Z,21.3,9565,5.38,5.79,SW,1_runoff,flood2,10:14:00
2024-06-12T11:29:00Z,2024-06-12T15:29:00Z,21.4,9560,5.38,5.76,SW,1_runoff,flood2,10:29:00
2024-06-12T11:44:00Z,2024-06-12T15:44:00Z,21.5,9556,5.38,5.74,SW,1_runoff,flood2,10:44:00
2024-06-12T11:59:00Z,2024-06-12T15:59:00Z,21.6,9548,5.37,5.55,SW,1_runoff,flood2,10:59:00
2024-06-12T12:14:00Z,2024-06-12T16:14:00Z,21.6,9542,5.37,5.56,SW,1_runoff,flood2,11:14:00
2024-06-12T12:29:00Z,2024-06-12T16:29:00Z,21.8,9559,5.38,5.41,SW,1_runoff,flood2,11:29:00
2024-06-12T12:44:00Z,2024-06-12T16:44:00Z,21.9,9586,5.39,5.42,SW,1_runoff,flood2,11:44:00
2024-06-12T12:59:00Z,2024-06-12T16:59:00Z,22.1,9614,5.41,5.46,SW,1_runoff,flood2,11:59:00
2024-06-12T13:14:00Z,2024-06-12T17:14:00Z,22.3,9640,5.43,5.37,SW,1_runoff,flood2,12:14:00
2024-06-12T13:29:00Z,2024-06-12T17:29:00Z,22.5,9665,5.44,5.33,SW,1_runoff,flood2,12:29:00
2024-06-12T13:44:00Z,2024-06-12T17:44:00Z,22.5,9684,5.45,5.3,SW,1_runoff,flood2,12:44:00
2024-06-12T13:59:00Z,2024-06-12T17:59:00Z,22.6,9694,5.46,5.27,SW,1_runoff,flood2,12:59:00
2024-06-12T14:14:00Z,2024-06-12T18:14:00Z,22.6,9695,5.46,5.27,SW,1_runoff,flood2,13:14:00
2024-06-12T14:29:00Z,2024-06-12T18:29:00Z,22.8,9711,5.46,5.26,SW,1_runoff,flood2,13:29:00
2024-06-12T14:44:00Z,2024-06-12T18:44:00Z,22.9,9721,5.47,5.21,SW,1_runoff,flood2,13:44:00
2024-06-12T14:59:00Z,2024-06-12T18:59:00Z,22.9,9695,5.45,5.17,SW,1_runoff,flood2,13:59:00
2024-06-12T15:14:00Z,2024-06-12T19:14:00Z,22.8,9593,5.39,5.16,SW,1_runoff,flood2,14:14:00
2024-06-12T15:29:00Z,2024-06-12T19:29:00Z,22.9,9623,5.41,5.08,SW,1_runoff,flood2,14:29:00
2024-06-12T15:44:00Z,2024-06-12T19:44:00Z,22.9,9625,5.41,5.05,SW,1_runoff,flood2,14:44:00
2024-06-12T15:59:00Z,2024-06-12T19:59:00Z,23.1,9714,5.46,5.12,SW,1_runoff,flood2,14:59:00
2024-06-12T16:14:00Z,2024-06-12T20:14:00Z,23.3,9706,5.46,4.99,SW,1_runoff,flood2,15:14:00
2024-06-12T16:29:00Z,2024-06-12T20:29:00Z,23.2,9678,5.44,4.97,SW,1_runoff,flood2,15:29:00
2024-06-12T16:44:00Z,2024-06-12T20:44:00Z,22.9,9642,5.42,4.76,SW,1_runoff,flood2,15:44:00
2024-06-12T16:59:00Z,2024-06-12T20:59:00Z,22.7,9607,5.4,4.81,SW,1_runoff,flood2,15:59:00
2024-06-12T17:14:00Z,2024-06-12T21:14:00Z,22.5,9569,5.38,4.72,SW,1_runoff,flood2,16:14:00
2024-06-12T17:29:00Z,2024-06-12T21:29:00Z,22.3,9539,5.36,3.91,SW,1_runoff,flood2,16:29:00
2024-06-13T07:07:00Z,2024-06-13T11:07:00Z,18.6,5069,2.74,3.16,SW,1_runoff,flood3,06:07:00
2024-06-13T07:22:00Z,2024-06-13T11:22:00Z,18.6,5093,2.75,3.03,SW,1_runoff,flood3,06:22:00
2024-06-13T07:37:00Z,2024-06-13T11:37:00Z,21,9723,5.48,6.76,SW,1_runoff,flood3,06:37:00
2024-06-13T07:52:00Z,2024-06-13T11:52:00Z,21.2,9781,5.52,6.55,SW,1_runoff,flood3,06:52:00
2024-06-13T08:07:00Z,2024-06-13T12:07:00Z,21.2,9821,5.54,6.31,SW,1_runoff,flood3,07:07:00
2024-06-13T08:22:00Z,2024-06-13T12:22:00Z,21.3,9861,5.56,6.21,SW,1_runoff,flood3,07:22:00
2024-06-13T08:37:00Z,2024-06-13T12:37:00Z,21.5,9910,5.59,5.97,SW,1_runoff,flood3,07:37:00
2024-06-13T08:52:00Z,2024-06-13T12:52:00Z,21.6,9960,5.62,5.89,SW,1_runoff,flood3,07:52:00
2024-06-13T09:07:00Z,2024-06-13T13:07:00Z,21.8,9978,5.63,5.65,SW,1_runoff,flood3,08:07:00
2024-06-13T09:22:00Z,2024-06-13T13:22:00Z,22,9982,5.63,5.68,SW,1_runoff,flood3,08:22:00
2024-06-13T09:37:00Z,2024-06-13T13:37:00Z,22.1,9976,5.63,5.63,SW,1_runoff,flood3,08:37:00
2024-06-13T09:52:00Z,2024-06-13T13:52:00Z,22.3,9962,5.62,5.55,SW,1_runoff,flood3,08:52:00
2024-06-13T10:07:00Z,2024-06-13T14:07:00Z,22.3,9951,5.61,5.43,SW,1_runoff,flood3,09:07:00
2024-06-13T10:22:00Z,2024-06-13T14:22:00Z,22.4,9942,5.61,5.33,SW,1_runoff,flood3,09:22:00
2024-06-13T10:37:00Z,2024-06-13T14:37:00Z,22.6,9941,5.61,5.36,SW,1_runoff,flood3,09:37:00
2024-06-13T10:52:00Z,2024-06-13T14:52:00Z,22.7,9961,5.62,5.34,SW,1_runoff,flood3,09:52:00
2024-06-13T11:07:00Z,2024-06-13T15:07:00Z,22.9,9986,5.63,5.07,SW,1_runoff,flood3,10:07:00
2024-06-13T11:22:00Z,2024-06-13T15:22:00Z,23,10015,5.65,5.11,SW,1_runoff,flood3,10:22:00
2024-06-13T11:37:00Z,2024-06-13T15:37:00Z,23.1,10042,5.66,5.23,SW,1_runoff,flood3,10:37:00
2024-06-13T11:52:00Z,2024-06-13T15:52:00Z,23.3,10069,5.68,5.15,SW,1_runoff,flood3,10:52:00
2024-06-13T12:07:00Z,2024-06-13T16:07:00Z,23.3,10079,5.68,5.11,SW,1_runoff,flood3,11:07:00
2024-06-13T12:22:00Z,2024-06-13T16:22:00Z,23.5,10102,5.7,5.04,SW,1_runoff,flood3,11:22:00
2024-06-13T12:37:00Z,2024-06-13T16:37:00Z,23.6,10103,5.7,4.92,SW,1_runoff,flood3,11:37:00
2024-06-13T12:52:00Z,2024-06-13T16:52:00Z,23.7,10104,5.7,4.99,SW,1_runoff,flood3,11:52:00
2024-06-13T13:07:00Z,2024-06-13T17:07:00Z,23.8,10100,5.7,4.87,SW,1_runoff,flood3,12:07:00
2024-06-13T13:22:00Z,2024-06-13T17:22:00Z,23.9,10096,5.69,4.72,SW,1_runoff,flood3,12:22:00
2024-06-13T13:37:00Z,2024-06-13T17:37:00Z,23.9,10094,5.69,4.82,SW,1_runoff,flood3,12:37:00
2024-06-13T13:52:00Z,2024-06-13T17:52:00Z,24.1,10110,5.7,4.84,SW,1_runoff,flood3,12:52:00
2024-06-13T14:07:00Z,2024-06-13T18:07:00Z,24.2,10113,5.7,4.88,SW,1_runoff,flood3,13:07:00
2024-06-13T14:22:00Z,2024-06-13T18:22:00Z,24.3,10133,5.71,4.74,SW,1_runoff,flood3,13:22:00
2024-06-13T14:37:00Z,2024-06-13T18:37:00Z,24.5,10140,5.72,4.85,SW,1_runoff,flood3,13:37:00
2024-06-13T14:52:00Z,2024-06-13T18:52:00Z,24.6,10161,5.73,4.67,SW,1_runoff,flood3,13:52:00
2024-06-13T15:07:00Z,2024-06-13T19:07:00Z,24.8,10168,5.73,4.81,SW,1_runoff,flood3,14:07:00
2024-06-13T15:22:00Z,2024-06-13T19:22:00Z,24.9,9930,5.58,4.89,SW,1_runoff,flood3,14:22:00
2024-06-13T15:37:00Z,2024-06-13T19:37:00Z,24.9,10174,5.73,4.68,SW,1_runoff,flood3,14:37:00
2024-06-13T15:52:00Z,2024-06-13T19:52:00Z,24.9,10172,5.73,4.69,SW,1_runoff,flood3,14:52:00
2024-06-13T16:07:00Z,2024-06-13T20:07:00Z,24.9,10173,5.73,4.65,SW,1_runoff,flood3,15:07:00
2024-06-13T16:22:00Z,2024-06-13T20:22:00Z,24.9,10173,5.73,4.58,SW,1_runoff,flood3,15:22:00
2024-06-13T16:37:00Z,2024-06-13T20:37:00Z,24.8,10152,5.72,4.46,SW,1_runoff,flood3,15:37:00
2024-06-13T16:52:00Z,2024-06-13T20:52:00Z,24.5,10117,5.7,4.32,SW,1_runoff,flood3,15:52:00
2024-06-13T17:07:00Z,2024-06-13T21:07:00Z,24.3,10067,5.67,4.41,SW,1_runoff,flood3,16:07:00
2024-06-13T17:22:00Z,2024-06-13T21:22:00Z,24.2,10036,5.65,4.33,SW,1_runoff,flood3,16:22:00
2024-06-13T17:31:00Z,2024-06-13T21:31:00Z,24.1,10032,5.65,3.95,SW,1_runoff,flood3,16:31:00
2024-06-13T17:46:00Z,2024-06-13T21:46:00Z,23.9,10006,5.64,3.33,SW,1_runoff,flood3,16:46:00
2024-06-13T18:01:00Z,2024-06-13T22:01:00Z,23.9,10005,5.64,3.03,SW,1_runoff,flood3,17:01:00
2024-06-13T18:16:00Z,2024-06-13T22:16:00Z,23.9,10024,5.65,2.97,SW,1_runoff,flood3,17:16:00
2024-06-13T18:31:00Z,2024-06-13T22:31:00Z,23.8,10020,5.65,3.11,SW,1_runoff,flood3,17:31:00
2024-06-13T18:46:00Z,2024-06-13T22:46:00Z,23.7,10018,5.65,2.94,SW,1_runoff,flood3,17:46:00
2024-06-13T19:01:00Z,2024-06-13T23:01:00Z,23.7,10018,5.65,2.76,SW,1_runoff,flood3,18:01:00
2024-06-13T19:16:00Z,2024-06-13T23:16:00Z,23.6,10021,5.65,2.75,SW,1_runoff,flood3,18:16:00
2024-06-13T19:31:00Z,2024-06-13T23:31:00Z,23.6,10024,5.65,2.64,SW,1_runoff,flood3,18:31:00
2024-06-13T19:46:00Z,2024-06-13T23:46:00Z,23.5,10021,5.65,2.65,SW,1_runoff,flood3,18:46:00
2024-06-13T20:01:00Z,2024-06-14T00:01:00Z,23.4,10022,5.65,2.63,SW,1_runoff,flood3,19:01:00
2024-06-13T20:16:00Z,2024-06-14T00:16:00Z,23.4,10023,5.65,2.59,SW,1_runoff,flood3,19:16:00
2024-06-13T20:31:00Z,2024-06-14T00:31:00Z,23.3,10023,5.65,2.59,SW,1_runoff,flood3,19:31:00
2024-06-13T20:46:00Z,2024-06-14T00:46:00Z,23.3,10023,5.65,2.66,SW,1_runoff,flood3,19:46:00
2024-06-13T21:01:00Z,2024-06-14T01:01:00Z,23.2,10026,5.65,2.4,SW,1_runoff,flood3,20:01:00
2024-06-13T21:16:00Z,2024-06-14T01:16:00Z,23.2,10026,5.65,2.44,SW,1_runoff,flood3,20:16:00
2024-06-13T21:31:00Z,2024-06-14T01:31:00Z,23.1,10027,5.65,2.31,SW,1_runoff,flood3,20:31:00
2024-06-13T21:46:00Z,2024-06-14T01:46:00Z,23.1,10029,5.66,2.06,SW,1_runoff,flood3,20:46:00
2024-06-13T22:01:00Z,2024-06-14T02:01:00Z,23,10032,5.66,2.3,SW,1_runoff,flood3,21:01:00
2024-06-13T22:16:00Z,2024-06-14T02:16:00Z,23,10033,5.66,2.05,SW,1_runoff,flood3,21:16:00
2024-06-13T22:31:00Z,2024-06-14T02:31:00Z,22.9,10034,5.66,1.92,SW,1_runoff,flood3,21:31:00
2024-06-13T22:46:00Z,2024-06-14T02:46:00Z,22.9,10034,5.66,1.89,SW,1_runoff,flood3,21:46:00
2024-06-13T23:01:00Z,2024-06-14T03:01:00Z,22.8,10035,5.66,1.93,SW,1_runoff,flood3,22:01:00
2024-06-13T23:16:00Z,2024-06-14T03:16:00Z,22.8,10034,5.66,2.11,SW,1_runoff,flood3,22:16:00
2024-06-13T23:31:00Z,2024-06-14T03:31:00Z,22.8,10034,5.66,2.08,SW,1_runoff,flood3,22:31:00
2024-06-13T23:46:00Z,2024-06-14T03:46:00Z,22.7,10036,5.66,2,SW,1_runoff,flood3,22:46:00
2024-06-14T00:01:00Z,2024-06-14T04:01:00Z,22.7,10037,5.66,1.91,SW,1_runoff,flood3,23:01:00
2024-06-14T00:16:00Z,2024-06-14T04:16:00Z,22.6,10039,5.66,1.8,SW,1_runoff,flood3,23:16:00
2024-06-14T00:31:00Z,2024-06-14T04:31:00Z,22.6,10039,5.67,1.67,SW,1_runoff,flood3,23:31:00
2024-06-14T00:46:00Z,2024-06-14T04:46:00Z,22.5,10043,5.67,1.88,SW,1_runoff,flood3,23:46:00
2024-06-11T12:29:00Z,2024-06-11T18:29:00Z,20.6,88.6,0.04,8.8,FW,1_runoff,flood1,13:29:00
2024-06-11T12:44:00Z,2024-06-11T18:44:00Z,20.6,90.1,0.04,7.34,FW,1_runoff,flood1,13:44:00
2024-06-11T12:59:00Z,2024-06-11T18:59:00Z,20.6,90.5,0.04,7.56,FW,1_runoff,flood1,13:59:00
2024-06-11T13:14:00Z,2024-06-11T19:14:00Z,20.6,91,0.04,7.52,FW,1_runoff,flood1,14:14:00
2024-06-11T13:29:00Z,2024-06-11T19:29:00Z,20.7,91.3,0.04,7.48,FW,1_runoff,flood1,14:29:00
2024-06-11T13:44:00Z,2024-06-11T19:44:00Z,20.7,91.3,0.04,7.4,FW,1_runoff,flood1,14:44:00
2024-06-11T13:59:00Z,2024-06-11T19:59:00Z,20.7,91.4,0.04,7.35,FW,1_runoff,flood1,14:59:00
2024-06-11T14:14:00Z,2024-06-11T20:14:00Z,20.7,91.5,0.04,7.35,FW,1_runoff,flood1,15:14:00
2024-06-11T14:29:00Z,2024-06-11T20:29:00Z,20.7,91.5,0.04,7.32,FW,1_runoff,flood1,15:29:00
2024-06-11T14:44:00Z,2024-06-11T20:44:00Z,20.7,90.1,0.04,7.23,FW,1_runoff,flood1,15:44:00
2024-06-11T14:59:00Z,2024-06-11T20:59:00Z,20.4,83.6,0.04,7.14,FW,1_runoff,flood1,15:59:00
2024-06-11T15:14:00Z,2024-06-11T21:14:00Z,20.2,78.7,0.04,6.89,FW,1_runoff,flood1,16:14:00
2024-06-11T15:29:00Z,2024-06-11T21:29:00Z,20.1,76.1,0.03,6.27,FW,1_runoff,flood1,16:29:00
2024-06-11T15:44:00Z,2024-06-11T21:44:00Z,19.9,75.1,0.03,6.21,FW,1_runoff,flood1,16:44:00
2024-06-11T15:59:00Z,2024-06-11T21:59:00Z,19.8,74.4,0.03,6.23,FW,1_runoff,flood1,16:59:00
2024-06-12T04:10:00Z,2024-06-12T10:10:00Z,13.8,0,0,11.34,FW,1_runoff,flood2,05:10:00
2024-06-12T04:25:00Z,2024-06-12T10:25:00Z,13.9,0.1,0,10.4,FW,1_runoff,flood2,05:25:00
2024-06-12T04:40:00Z,2024-06-12T10:40:00Z,13.9,0,0,10.76,FW,1_runoff,flood2,05:40:00
2024-06-12T04:55:00Z,2024-06-12T10:55:00Z,14,0,0,10.91,FW,1_runoff,flood2,05:55:00
2024-06-12T05:10:00Z,2024-06-12T11:10:00Z,14.3,0,0,10.87,FW,1_runoff,flood2,06:10:00
2024-06-12T05:25:00Z,2024-06-12T11:25:00Z,17.7,96.8,0.04,8.91,FW,1_runoff,flood2,06:25:00
2024-06-12T05:40:00Z,2024-06-12T11:40:00Z,18.3,92.4,0.04,8.69,FW,1_runoff,flood2,06:40:00
2024-06-12T05:55:00Z,2024-06-12T11:55:00Z,18.6,93.6,0.04,8.5,FW,1_runoff,flood2,06:55:00
2024-06-12T06:10:00Z,2024-06-12T12:10:00Z,18.7,93.4,0.04,8.35,FW,1_runoff,flood2,07:10:00
2024-06-12T06:25:00Z,2024-06-12T12:25:00Z,18.8,95.2,0.04,8.31,FW,1_runoff,flood2,07:25:00
2024-06-12T06:40:00Z,2024-06-12T12:40:00Z,19,96.8,0.04,8.21,FW,1_runoff,flood2,07:40:00
2024-06-12T06:55:00Z,2024-06-12T12:55:00Z,19.2,97.7,0.05,8.14,FW,1_runoff,flood2,07:55:00
2024-06-12T07:10:00Z,2024-06-12T13:10:00Z,19.3,98.7,0.05,8.08,FW,1_runoff,flood2,08:10:00
2024-06-12T07:25:00Z,2024-06-12T13:25:00Z,19.3,100.5,0.05,8.01,FW,1_runoff,flood2,08:25:00
2024-06-12T07:40:00Z,2024-06-12T13:40:00Z,19.4,100.9,0.05,7.98,FW,1_runoff,flood2,08:40:00
2024-06-12T07:55:00Z,2024-06-12T13:55:00Z,19.5,101.3,0.05,8.06,FW,1_runoff,flood2,08:55:00
2024-06-12T08:10:00Z,2024-06-12T14:10:00Z,19.6,102.3,0.05,7.93,FW,1_runoff,flood2,09:10:00
2024-06-12T08:25:00Z,2024-06-12T14:25:00Z,19.7,102,0.05,7.83,FW,1_runoff,flood2,09:25:00
2024-06-12T08:40:00Z,2024-06-12T14:40:00Z,19.8,104.7,0.05,7.79,FW,1_runoff,flood2,09:40:00
2024-06-12T08:55:00Z,2024-06-12T14:55:00Z,19.8,105.3,0.05,7.8,FW,1_runoff,flood2,09:55:00
2024-06-12T09:10:00Z,2024-06-12T15:10:00Z,19.9,108.1,0.05,7.75,FW,1_runoff,flood2,10:10:00
2024-06-12T09:25:00Z,2024-06-12T15:25:00Z,20,108,0.05,7.7,FW,1_runoff,flood2,10:25:00
2024-06-12T09:40:00Z,2024-06-12T15:40:00Z,20.1,108.7,0.05,7.66,FW,1_runoff,flood2,10:40:00
2024-06-12T09:55:00Z,2024-06-12T15:55:00Z,20.1,108.9,0.05,7.66,FW,1_runoff,flood2,10:55:00
2024-06-12T10:10:00Z,2024-06-12T16:10:00Z,20.2,110.9,0.05,7.58,FW,1_runoff,flood2,11:10:00
2024-06-12T10:25:00Z,2024-06-12T16:25:00Z,20.2,109.6,0.05,7.54,FW,1_runoff,flood2,11:25:00
2024-06-12T10:40:00Z,2024-06-12T16:40:00Z,20.3,113.9,0.05,7.52,FW,1_runoff,flood2,11:40:00
2024-06-12T10:55:00Z,2024-06-12T16:55:00Z,20.4,113.1,0.05,7.49,FW,1_runoff,flood2,11:55:00
2024-06-12T11:10:00Z,2024-06-12T17:10:00Z,20.4,111.8,0.05,7.5,FW,1_runoff,flood2,12:10:00
2024-06-12T11:25:00Z,2024-06-12T17:25:00Z,20.5,113.4,0.05,7.48,FW,1_runoff,flood2,12:25:00
2024-06-12T11:40:00Z,2024-06-12T17:40:00Z,20.5,113.6,0.05,7.46,FW,1_runoff,flood2,12:40:00
2024-06-12T11:55:00Z,2024-06-12T17:55:00Z,20.5,116.8,0.05,7.46,FW,1_runoff,flood2,12:55:00
2024-06-12T12:10:00Z,2024-06-12T18:10:00Z,20.6,115.6,0.05,7.4,FW,1_runoff,flood2,13:10:00
2024-06-12T12:25:00Z,2024-06-12T18:25:00Z,20.7,120.1,0.06,7.36,FW,1_runoff,flood2,13:25:00
2024-06-12T12:40:00Z,2024-06-12T18:40:00Z,20.7,118.6,0.06,7.35,FW,1_runoff,flood2,13:40:00
2024-06-12T12:55:00Z,2024-06-12T18:55:00Z,20.7,119.1,0.06,7.36,FW,1_runoff,flood2,13:55:00
2024-06-12T13:10:00Z,2024-06-12T19:10:00Z,20.7,120.4,0.06,7.35,FW,1_runoff,flood2,14:10:00
2024-06-12T13:25:00Z,2024-06-12T19:25:00Z,20.7,122.8,0.06,7.35,FW,1_runoff,flood2,14:25:00
2024-06-12T13:40:00Z,2024-06-12T19:40:00Z,20.8,123.6,0.06,7.3,FW,1_runoff,flood2,14:40:00
2024-06-12T13:55:00Z,2024-06-12T19:55:00Z,20.8,122.8,0.06,7.28,FW,1_runoff,flood2,14:55:00
2024-06-12T14:10:00Z,2024-06-12T20:10:00Z,20.8,127.9,0.06,7.26,FW,1_runoff,flood2,15:10:00
2024-06-12T14:25:00Z,2024-06-12T20:25:00Z,20.8,128.6,0.06,7.29,FW,1_runoff,flood2,15:25:00
2024-06-12T14:40:00Z,2024-06-12T20:40:00Z,20.7,118,0.05,7.18,FW,1_runoff,flood2,15:40:00
2024-06-12T14:55:00Z,2024-06-12T20:55:00Z,20.6,106,0.05,7.12,FW,1_runoff,flood2,15:55:00
2024-06-12T15:10:00Z,2024-06-12T21:10:00Z,20.5,100.8,0.05,7.01,FW,1_runoff,flood2,16:10:00
2024-06-12T15:25:00Z,2024-06-12T21:25:00Z,20.4,96.5,0.04,6.87,FW,1_runoff,flood2,16:25:00
2024-06-12T15:40:00Z,2024-06-12T21:40:00Z,20.4,93.1,0.04,6.6,FW,1_runoff,flood2,16:40:00
2024-06-12T15:55:00Z,2024-06-12T21:55:00Z,20.3,89.8,0.04,6.49,FW,1_runoff,flood2,16:55:00
2024-06-13T05:05:00Z,2024-06-13T11:05:00Z,18.6,102.4,0.05,7.55,FW,1_runoff,flood3,06:05:00
2024-06-13T05:20:00Z,2024-06-13T11:20:00Z,19,114.6,0.05,8,FW,1_runoff,flood3,06:20:00
2024-06-13T05:35:00Z,2024-06-13T11:35:00Z,19.3,105.9,0.05,8.1,FW,1_runoff,flood3,06:35:00
2024-06-13T05:50:00Z,2024-06-13T11:50:00Z,19.5,104.8,0.05,8.1,FW,1_runoff,flood3,06:50:00
2024-06-13T06:05:00Z,2024-06-13T12:05:00Z,19.7,105.9,0.05,8.03,FW,1_runoff,flood3,07:05:00
2024-06-13T06:20:00Z,2024-06-13T12:20:00Z,19.7,105.2,0.05,7.89,FW,1_runoff,flood3,07:20:00
2024-06-13T06:35:00Z,2024-06-13T12:35:00Z,19.9,105.5,0.05,7.89,FW,1_runoff,flood3,07:35:00
2024-06-13T06:50:00Z,2024-06-13T12:50:00Z,20,107.9,0.05,7.89,FW,1_runoff,flood3,07:50:00
2024-06-13T07:05:00Z,2024-06-13T13:05:00Z,20.1,112.7,0.05,7.85,FW,1_runoff,flood3,08:05:00
2024-06-13T07:20:00Z,2024-06-13T13:20:00Z,20.3,115.3,0.05,7.78,FW,1_runoff,flood3,08:20:00
2024-06-13T07:35:00Z,2024-06-13T13:35:00Z,20.4,119.1,0.06,7.74,FW,1_runoff,flood3,08:35:00
2024-06-13T07:50:00Z,2024-06-13T13:50:00Z,20.4,120.5,0.06,7.75,FW,1_runoff,flood3,08:50:00
2024-06-13T08:05:00Z,2024-06-13T14:05:00Z,20.5,124.9,0.06,7.71,FW,1_runoff,flood3,09:05:00
2024-06-13T08:20:00Z,2024-06-13T14:20:00Z,20.6,123.6,0.06,7.6,FW,1_runoff,flood3,09:20:00
2024-06-13T08:35:00Z,2024-06-13T14:35:00Z,20.7,132,0.06,7.59,FW,1_runoff,flood3,09:35:00
2024-06-13T08:50:00Z,2024-06-13T14:50:00Z,20.8,131.3,0.06,7.56,FW,1_runoff,flood3,09:50:00
2024-06-13T09:05:00Z,2024-06-13T15:05:00Z,20.9,133.1,0.06,7.55,FW,1_runoff,flood3,10:05:00
2024-06-13T09:20:00Z,2024-06-13T15:20:00Z,21,132.2,0.06,7.52,FW,1_runoff,flood3,10:20:00
2024-06-13T09:35:00Z,2024-06-13T15:35:00Z,21.1,132.8,0.06,7.49,FW,1_runoff,flood3,10:35:00
2024-06-13T09:50:00Z,2024-06-13T15:50:00Z,21.2,135.7,0.06,7.45,FW,1_runoff,flood3,10:50:00
2024-06-13T10:05:00Z,2024-06-13T16:05:00Z,21.3,135.1,0.06,7.39,FW,1_runoff,flood3,11:05:00
2024-06-13T10:20:00Z,2024-06-13T16:20:00Z,21.4,138,0.06,7.34,FW,1_runoff,flood3,11:20:00
2024-06-13T10:35:00Z,2024-06-13T16:35:00Z,21.5,141.1,0.07,7.34,FW,1_runoff,flood3,11:35:00
2024-06-13T10:50:00Z,2024-06-13T16:50:00Z,21.5,139.9,0.07,7.35,FW,1_runoff,flood3,11:50:00
2024-06-13T11:05:00Z,2024-06-13T17:05:00Z,21.6,141.3,0.07,7.29,FW,1_runoff,flood3,12:05:00
2024-06-13T11:20:00Z,2024-06-13T17:20:00Z,21.7,140.3,0.07,7.27,FW,1_runoff,flood3,12:20:00
2024-06-13T11:35:00Z,2024-06-13T17:35:00Z,21.7,140.9,0.07,7.27,FW,1_runoff,flood3,12:35:00
2024-06-13T11:50:00Z,2024-06-13T17:50:00Z,21.8,142.8,0.07,7.24,FW,1_runoff,flood3,12:50:00
2024-06-13T12:05:00Z,2024-06-13T18:05:00Z,21.8,142.8,0.07,7.25,FW,1_runoff,flood3,13:05:00
2024-06-13T12:20:00Z,2024-06-13T18:20:00Z,21.9,139.1,0.06,7.12,FW,1_runoff,flood3,13:20:00
2024-06-13T12:35:00Z,2024-06-13T18:35:00Z,21.9,144.4,0.07,7.16,FW,1_runoff,flood3,13:35:00
2024-06-13T12:50:00Z,2024-06-13T18:50:00Z,21.9,143.4,0.07,7.17,FW,1_runoff,flood3,13:50:00
2024-06-13T13:05:00Z,2024-06-13T19:05:00Z,22,142.2,0.07,7.13,FW,1_runoff,flood3,14:05:00
2024-06-13T13:20:00Z,2024-06-13T19:20:00Z,21.9,142.4,0.07,7.17,FW,1_runoff,flood3,14:20:00
2024-06-13T13:35:00Z,2024-06-13T19:35:00Z,22,144.9,0.07,7.12,FW,1_runoff,flood3,14:35:00
2024-06-13T13:50:00Z,2024-06-13T19:50:00Z,22,146.3,0.07,7.12,FW,1_runoff,flood3,14:50:00
2024-06-13T14:05:00Z,2024-06-13T20:05:00Z,22,146.7,0.07,7.11,FW,1_runoff,flood3,15:05:00
2024-06-13T14:20:00Z,2024-06-13T20:20:00Z,22.1,148.7,0.07,7.07,FW,1_runoff,flood3,15:20:00
2024-06-13T14:35:00Z,2024-06-13T20:35:00Z,22.1,148.7,0.07,7.02,FW,1_runoff,flood3,15:35:00
2024-06-13T14:50:00Z,2024-06-13T20:50:00Z,21.9,138.6,0.06,6.91,FW,1_runoff,flood3,15:50:00
2024-06-13T15:05:00Z,2024-06-13T21:05:00Z,21.8,136.2,0.06,6.84,FW,1_runoff,flood3,16:05:00
2024-06-13T15:20:00Z,2024-06-13T21:20:00Z,21.7,138,0.06,6.66,FW,1_runoff,flood3,16:20:00
2024-06-13T15:29:00Z,2024-06-13T21:29:00Z,21.7,141.1,0.07,6.66,FW,1_runoff,flood3,16:29:00
2024-06-13T15:44:00Z,2024-06-13T21:44:00Z,21.6,137,0.06,6.37,FW,1_runoff,flood3,16:44:00
2024-06-13T15:59:00Z,2024-06-13T21:59:00Z,21.5,130,0.06,6.19,FW,1_runoff,flood3,16:59:00
2024-06-13T16:14:00Z,2024-06-13T22:14:00Z,21.4,124.7,0.06,6.05,FW,1_runoff,flood3,17:14:00
2024-06-13T16:29:00Z,2024-06-13T22:29:00Z,21.3,110.2,0.05,6,FW,1_runoff,flood3,17:29:00
2024-06-13T16:44:00Z,2024-06-13T22:44:00Z,21.3,103.2,0.05,5.98,FW,1_runoff,flood3,17:44:00
2024-06-13T16:59:00Z,2024-06-13T22:59:00Z,21.2,98.2,0.05,5.84,FW,1_runoff,flood3,17:59:00
2024-06-13T17:14:00Z,2024-06-13T23:14:00Z,21.1,94.6,0.04,5.69,FW,1_runoff,flood3,18:14:00
2024-06-13T17:29:00Z,2024-06-13T23:29:00Z,21.1,92,0.04,5.67,FW,1_runoff,flood3,18:29:00
2024-06-13T17:44:00Z,2024-06-13T23:44:00Z,21,90.5,0.04,5.19,FW,1_runoff,flood3,18:44:00
2024-06-13T17:59:00Z,2024-06-13T23:59:00Z,20.9,89.4,0.04,6,FW,1_runoff,flood3,18:59:00
2024-06-13T18:14:00Z,2024-06-14T00:14:00Z,20.9,88.8,0.04,5.89,FW,1_runoff,flood3,19:14:00
2024-06-13T18:29:00Z,2024-06-14T00:29:00Z,20.8,88.3,0.04,5.76,FW,1_runoff,flood3,19:29:00
2024-06-13T18:44:00Z,2024-06-14T00:44:00Z,20.8,88,0.04,5.69,FW,1_runoff,flood3,19:44:00
2024-06-13T18:59:00Z,2024-06-14T00:59:00Z,20.7,87.8,0.04,5.1,FW,1_runoff,flood3,19:59:00
2024-06-13T19:14:00Z,2024-06-14T01:14:00Z,20.7,87.2,0.04,4.85,FW,1_runoff,flood3,20:14:00
2024-06-13T19:29:00Z,2024-06-14T01:29:00Z,20.7,86.8,0.04,4.27,FW,1_runoff,flood3,20:29:00
2024-06-13T19:44:00Z,2024-06-14T01:44:00Z,20.6,86.6,0.04,4.13,FW,1_runoff,flood3,20:44:00
2024-06-13T19:59:00Z,2024-06-14T01:59:00Z,20.6,86.4,0.04,4.12,FW,1_runoff,flood3,20:59:00
2024-06-13T20:14:00Z,2024-06-14T02:14:00Z,20.6,85.6,0.04,4.2,FW,1_runoff,flood3,21:14:00
2024-06-13T20:29:00Z,2024-06-14T02:29:00Z,20.6,85.2,0.04,4.01,FW,1_runoff,flood3,21:29:00
2024-06-13T20:44:00Z,2024-06-14T02:44:00Z,20.6,84.7,0.04,4.03,FW,1_runoff,flood3,21:44:00
2024-06-13T20:59:00Z,2024-06-14T02:59:00Z,20.5,85.7,0.04,4.93,FW,1_runoff,flood3,21:59:00
2024-06-13T21:14:00Z,2024-06-14T03:14:00Z,20.5,87.3,0.04,5.24,FW,1_runoff,flood3,22:14:00
2024-06-13T21:29:00Z,2024-06-14T03:29:00Z,20.5,86.5,0.04,5.26,FW,1_runoff,flood3,22:29:00
2024-06-13T21:44:00Z,2024-06-14T03:44:00Z,20.5,85.4,0.04,5.34,FW,1_runoff,flood3,22:44:00
2024-06-13T21:59:00Z,2024-06-14T03:59:00Z,20.4,85.2,0.04,5.4,FW,1_runoff,flood3,22:59:00
2024-06-13T22:14:00Z,2024-06-14T04:14:00Z,20.4,85.1,0.04,5.31,FW,1_runoff,flood3,23:14:00
2024-06-13T22:29:00Z,2024-06-14T04:29:00Z,20.3,84.4,0.04,5.37,FW,1_runoff,flood3,23:29:00
2024-06-13T22:44:00Z,2024-06-14T04:44:00Z,20.3,84.7,0.04,5.35,FW,1_runoff,flood3,23:44:00
2024-06-13T22:59:00Z,2024-06-14T04:59:00Z,20.3,85.2,0.04,5.23,FW,1_runoff,flood3,23:59:00
